[
    {
        "condition": "minecraft:entity_properties",
        "entity": "this",
        "predicate": {
            "equipment": {
                "head": {
                    "items": [
                        "minecraft:shears"
                    ],
                    "count": {
                        "min": 1
                    }
                }
            }
        }
    },
    {
        "condition": "minecraft:inverted",
        "term": {
            "condition": "minecraft:entity_properties",
            "entity": "this",
            "predicate": {
                "equipment": {
                    "head": {
                        "predicates": {
                            "minecraft:custom_data": "{adventure:1b}"
                        }
                    }
                }
            }
        }
    }
]