[
    {
        "condition": "minecraft:entity_properties",
        "entity": "this",
        "predicate": {
            "equipment": {
                "head": {
                    "tag": "adventure:placeable",
                    "count": {
                        "min": 1
                    }
                }
            }
        }
    },
    {
        "condition": "minecraft:inverted",
        "term": {
            "condition": "minecraft:entity_properties",
            "entity": "this",
            "predicate": {
                "equipment": {
                    "head": {
                        "nbt": "{adventure:1b}"
                    }
                }
            }
        }
    }
]