[
    {
        "function": "minecraft:set_custom_data",
        "tag": "{adventure:1b}"
    },
    {
        "function": "minecraft:set_components",
        "components": {
            "minecraft:can_break": {
                "predicates": [
                    {
                        "blocks": "#minecraft:mineable/axe"
                    },
                    {
                        "blocks": "#adventure:mineable/universal"
                    }
                ],
                "show_in_tooltip": false
            }
        }
    }
]