[
    {
        "function": "minecraft:set_custom_data",
        "tag": "{adventure:1b}"
    },
    {
        "function": "minecraft:set_components",
        "components": {
            "minecraft:can_break": [
                {
                    "blocks": "#minecraft:mineable/hoe"
                },
                {
                    "blocks": "#adventure:mineable/universal"
                }
            ],
            "minecraft:tooltip_display": {
                "hidden_components": [
                    "minecraft:can_break"
                ]
            }
        }
    }
]