[
    {
        "function": "minecraft:set_custom_data",
        "tag": "{adventure:1b}"
    },
    {
        "function": "minecraft:set_components",
        "components": {
            "minecraft:can_break": {
                "blocks": "#adventure:mineable/universal"
            },
            "minecraft:can_place_on": {
                "blocks": "#adventure:all"
            },
            "minecraft:tooltip_display": {
                "hidden_components": [
                    "minecraft:can_place_on",
                    "minecraft:can_break"
                ]
            }
        }
    }
]